"age group","county name","cases","deaths","hospitalization"
"01-04 years","Georgia","9495","1","173"
"05-09 years","Georgia","15549","2","133"
"10-17 years","Georgia","54451","6","538"
"18-29 years","Georgia","171016","88","3157"
"30-39 years","Georgia","122275","198","4110"
"40-49 years","Georgia","118936","448","5977"
"50-59 years","Georgia","113066","1185","8812"
"60-69 years","Georgia","76754","2542","10451"
"70-79 years","Georgia","45333","3661","9899"
"80 & Older years","Georgia","26605","4911","7771"
"<1 years","Georgia","2633","0","131"
"Unknown years","Georgia","6964","6","95"
"01-04 years","Appling","23","0","0"
"05-09 years","Appling","48","0","0"
"10-17 years","Appling","147","0","1"
"18-29 years","Appling","321","1","4"
"30-39 years","Appling","231","1","5"
"40-49 years","Appling","233","3","17"
"50-59 years","Appling","264","6","21"
"60-69 years","Appling","226","11","40"
"70-79 years","Appling","147","13","29"
"80 & Older years","Appling","71","15","25"
"<1 years","Appling","4","0","0"
"Unknown years","Appling","2","0","0"
"01-04 years","Atkinson","5","0","1"
"05-09 years","Atkinson","18","0","1"
"10-17 years","Atkinson","47","0","0"
"18-29 years","Atkinson","161","0","8"
"30-39 years","Atkinson","118","0","9"
"40-49 years","Atkinson","123","1","21"
"50-59 years","Atkinson","132","1","22"
"60-69 years","Atkinson","79","4","23"
"70-79 years","Atkinson","45","4","13"
"80 & Older years","Atkinson","14","5","10"
"<1 years","Atkinson","3","0","0"
"01-04 years","Bacon","17","0","0"
"05-09 years","Bacon","23","0","0"
"10-17 years","Bacon","69","0","1"
"18-29 years","Bacon","228","0","1"
"30-39 years","Bacon","131","0","4"
"40-49 years","Bacon","157","1","11"
"50-59 years","Bacon","145","2","16"
"60-69 years","Bacon","115","8","19"
"70-79 years","Bacon","73","6","14"
"80 & Older years","Bacon","37","8","7"
"<1 years","Bacon","6","0","0"
"Unknown years","Bacon","1","0","0"
"01-04 years","Baker","5","0","0"
"05-09 years","Baker","4","0","0"
"10-17 years","Baker","9","0","0"
"18-29 years","Baker","22","0","0"
"30-39 years","Baker","21","0","2"
"40-49 years","Baker","13","0","1"
"50-59 years","Baker","19","0","1"
"60-69 years","Baker","30","2","14"
"70-79 years","Baker","18","2","10"
"80 & Older years","Baker","8","2","3"
"<1 years","Baker","2","0","0"
"01-04 years","Baldwin","28","0","0"
"05-09 years","Baldwin","49","0","0"
"10-17 years","Baldwin","170","1","5"
"18-29 years","Baldwin","1201","0","14"
"30-39 years","Baldwin","427","1","15"
"40-49 years","Baldwin","448","2","29"
"50-59 years","Baldwin","460","10","49"
"60-69 years","Baldwin","363","19","62"
"70-79 years","Baldwin","247","21","50"
"80 & Older years","Baldwin","138","36","49"
"<1 years","Baldwin","11","0","0"
"01-04 years","Banks","7","0","0"
"05-09 years","Banks","20","0","1"
"10-17 years","Banks","94","0","2"
"18-29 years","Banks","268","0","6"
"30-39 years","Banks","182","0","5"
"40-49 years","Banks","199","0","15"
"50-59 years","Banks","229","1","21"
"60-69 years","Banks","190","4","37"
"70-79 years","Banks","146","12","53"
"80 & Older years","Banks","79","11","28"
"<1 years","Banks","5","0","1"
"Unknown years","Banks","48","0","1"
"01-04 years","Barrow","79","0","0"
"05-09 years","Barrow","140","0","0"
"10-17 years","Barrow","531","0","7"
"18-29 years","Barrow","1517","2","31"
"30-39 years","Barrow","1289","1","38"
"40-49 years","Barrow","1317","4","55"
"50-59 years","Barrow","1108","5","82"
"60-69 years","Barrow","747","19","118"
"70-79 years","Barrow","454","28","93"
"80 & Older years","Barrow","214","41","74"
"<1 years","Barrow","28","0","2"
"Unknown years","Barrow","23","0","0"
"01-04 years","Bartow","82","0","3"
"05-09 years","Bartow","177","0","2"
"10-17 years","Bartow","768","0","7"
"18-29 years","Bartow","1752","0","17"
"30-39 years","Bartow","1424","4","35"
"40-49 years","Bartow","1480","1","61"
"50-59 years","Bartow","1521","11","114"
"60-69 years","Bartow","907","25","121"
"70-79 years","Bartow","640","57","140"
"80 & Older years","Bartow","304","61","96"
"<1 years","Bartow","28","0","2"
"Unknown years","Bartow","123","0","7"
"01-04 years","Ben Hill","28","0","1"
"05-09 years","Ben Hill","19","0","0"
"10-17 years","Ben Hill","95","0","0"
"18-29 years","Ben Hill","251","0","4"
"30-39 years","Ben Hill","205","3","9"
"40-49 years","Ben Hill","191","1","9"
"50-59 years","Ben Hill","233","4","27"
"60-69 years","Ben Hill","197","11","26"
"70-79 years","Ben Hill","141","18","51"
"80 & Older years","Ben Hill","67","13","16"
"<1 years","Ben Hill","5","0","0"
"Unknown years","Ben Hill","2","0","0"
"01-04 years","Berrien","15","0","0"
"05-09 years","Berrien","19","0","0"
"10-17 years","Berrien","78","0","1"
"18-29 years","Berrien","180","0","0"
"30-39 years","Berrien","146","0","3"
"40-49 years","Berrien","130","0","4"
"50-59 years","Berrien","154","2","15"
"60-69 years","Berrien","115","6","16"
"70-79 years","Berrien","76","8","13"
"80 & Older years","Berrien","45","9","11"
"<1 years","Berrien","2","0","0"
"Unknown years","Berrien","1","0","0"
"01-04 years","Bibb","130","0","4"
"05-09 years","Bibb","169","0","0"
"10-17 years","Bibb","571","0","7"
"18-29 years","Bibb","2661","1","71"
"30-39 years","Bibb","1904","5","96"
"40-49 years","Bibb","1892","10","177"
"50-59 years","Bibb","1766","18","229"
"60-69 years","Bibb","1412","66","350"
"70-79 years","Bibb","865","95","293"
"80 & Older years","Bibb","535","112","251"
"<1 years","Bibb","42","0","4"
"Unknown years","Bibb","18","0","0"
"01-04 years","Bleckley","3","0","0"
"05-09 years","Bleckley","13","0","0"
"10-17 years","Bleckley","67","0","0"
"18-29 years","Bleckley","182","0","3"
"30-39 years","Bleckley","85","0","2"
"40-49 years","Bleckley","100","1","2"
"50-59 years","Bleckley","97","2","4"
"60-69 years","Bleckley","81","7","10"
"70-79 years","Bleckley","63","4","12"
"80 & Older years","Bleckley","62","18","12"
"<1 years","Bleckley","3","0","0"
"01-04 years","Brantley","12","0","0"
"05-09 years","Brantley","11","0","0"
"10-17 years","Brantley","72","0","1"
"18-29 years","Brantley","141","0","1"
"30-39 years","Brantley","106","0","3"
"40-49 years","Brantley","114","1","5"
"50-59 years","Brantley","134","2","12"
"60-69 years","Brantley","100","3","11"
"70-79 years","Brantley","77","9","18"
"80 & Older years","Brantley","42","7","10"
"<1 years","Brantley","1","0","0"
"01-04 years","Brooks","14","0","1"
"05-09 years","Brooks","19","0","0"
"10-17 years","Brooks","79","0","0"
"18-29 years","Brooks","165","0","0"
"30-39 years","Brooks","117","0","2"
"40-49 years","Brooks","112","1","11"
"50-59 years","Brooks","135","2","19"
"60-69 years","Brooks","97","6","14"
"70-79 years","Brooks","78","10","19"
"80 & Older years","Brooks","55","14","15"
"<1 years","Brooks","3","0","0"
"Unknown years","Brooks","1","0","0"
"01-04 years","Bryan","39","0","0"
"05-09 years","Bryan","62","0","0"
"10-17 years","Bryan","206","0","2"
"18-29 years","Bryan","454","0","8"
"30-39 years","Bryan","354","1","8"
"40-49 years","Bryan","390","0","13"
"50-59 years","Bryan","305","4","27"
"60-69 years","Bryan","212","6","25"
"70-79 years","Bryan","142","7","43"
"80 & Older years","Bryan","57","5","20"
"<1 years","Bryan","12","0","0"
"Unknown years","Bryan","3","0","0"
"01-04 years","Bulloch","53","0","0"
"05-09 years","Bulloch","88","0","0"
"10-17 years","Bulloch","302","0","2"
"18-29 years","Bulloch","2095","0","7"
"30-39 years","Bulloch","565","4","20"
"40-49 years","Bulloch","488","2","24"
"50-59 years","Bulloch","462","5","25"
"60-69 years","Bulloch","346","13","38"
"70-79 years","Bulloch","177","11","33"
"80 & Older years","Bulloch","98","11","32"
"<1 years","Bulloch","20","0","2"
"Unknown years","Bulloch","10","0","1"
"01-04 years","Burke","19","0","0"
"05-09 years","Burke","41","0","0"
"10-17 years","Burke","120","0","1"
"18-29 years","Burke","311","1","7"
"30-39 years","Burke","236","1","7"
"40-49 years","Burke","261","2","13"
"50-59 years","Burke","243","1","29"
"60-69 years","Burke","189","5","34"
"70-79 years","Burke","113","10","27"
"80 & Older years","Burke","35","7","13"
"<1 years","Burke","5","0","0"
"Unknown years","Burke","3","0","0"
"01-04 years","Butts","21","0","3"
"05-09 years","Butts","22","0","0"
"10-17 years","Butts","94","0","1"
"18-29 years","Butts","326","0","6"
"30-39 years","Butts","286","0","7"
"40-49 years","Butts","281","3","13"
"50-59 years","Butts","309","5","20"
"60-69 years","Butts","226","12","28"
"70-79 years","Butts","162","17","20"
"80 & Older years","Butts","103","24","6"
"<1 years","Butts","5","0","1"
"Unknown years","Butts","1","0","0"
"01-04 years","Calhoun","6","0","0"
"05-09 years","Calhoun","1","0","0"
"10-17 years","Calhoun","32","0","0"
"18-29 years","Calhoun","66","0","5"
"30-39 years","Calhoun","55","2","6"
"40-49 years","Calhoun","78","1","9"
"50-59 years","Calhoun","74","2","14"
"60-69 years","Calhoun","69","2","18"
"70-79 years","Calhoun","24","3","8"
"80 & Older years","Calhoun","15","2","7"
"<1 years","Calhoun","3","0","0"
"Unknown years","Calhoun","1","0","0"
"01-04 years","Camden","41","0","0"
"05-09 years","Camden","38","0","1"
"10-17 years","Camden","195","0","1"
"18-29 years","Camden","707","0","4"
"30-39 years","Camden","457","0","12"
"40-49 years","Camden","367","1","11"
"50-59 years","Camden","424","1","16"
"60-69 years","Camden","323","7","22"
"70-79 years","Camden","188","2","22"
"80 & Older years","Camden","85","13","21"
"<1 years","Camden","9","0","1"
"Unknown years","Camden","6","0","0"
"01-04 years","Candler","8","0","0"
"05-09 years","Candler","12","0","0"
"10-17 years","Candler","53","0","0"
"18-29 years","Candler","125","0","0"
"30-39 years","Candler","90","0","2"
"40-49 years","Candler","112","2","1"
"50-59 years","Candler","119","5","10"
"60-69 years","Candler","92","7","13"
"70-79 years","Candler","59","12","17"
"80 & Older years","Candler","27","5","11"
"<1 years","Candler","4","0","0"
"Unknown years","Candler","1","0","0"
"01-04 years","Carroll","77","0","1"
"05-09 years","Carroll","119","0","1"
"10-17 years","Carroll","545","0","6"
"18-29 years","Carroll","1565","0","11"
"30-39 years","Carroll","964","4","18"
"40-49 years","Carroll","925","4","25"
"50-59 years","Carroll","961","10","52"
"60-69 years","Carroll","679","21","64"
"70-79 years","Carroll","412","30","58"
"80 & Older years","Carroll","254","45","40"
"<1 years","Carroll","25","0","0"
"Unknown years","Carroll","21","0","0"
"01-04 years","Catoosa","68","0","0"
"05-09 years","Catoosa","110","0","1"
"10-17 years","Catoosa","404","0","1"
"18-29 years","Catoosa","855","0","7"
"30-39 years","Catoosa","628","1","9"
"40-49 years","Catoosa","731","1","13"
"50-59 years","Catoosa","685","5","25"
"60-69 years","Catoosa","490","5","44"
"70-79 years","Catoosa","313","14","42"
"80 & Older years","Catoosa","219","25","40"
"<1 years","Catoosa","28","0","1"
"Unknown years","Catoosa","117","0","8"
"01-04 years","Charlton","12","0","0"
"05-09 years","Charlton","24","0","0"
"10-17 years","Charlton","57","0","0"
"18-29 years","Charlton","173","0","1"
"30-39 years","Charlton","194","0","4"
"40-49 years","Charlton","171","2","8"
"50-59 years","Charlton","137","1","4"
"60-69 years","Charlton","135","4","16"
"70-79 years","Charlton","49","4","9"
"80 & Older years","Charlton","26","4","11"
"<1 years","Charlton","2","0","0"
"Unknown years","Charlton","1","0","0"
"01-04 years","Chatham","322","0","3"
"05-09 years","Chatham","381","1","1"
"10-17 years","Chatham","1110","0","13"
"18-29 years","Chatham","4221","2","52"
"30-39 years","Chatham","2956","4","102"
"40-49 years","Chatham","2368","11","130"
"50-59 years","Chatham","2149","29","202"
"60-69 years","Chatham","1740","53","294"
"70-79 years","Chatham","931","85","286"
"80 & Older years","Chatham","593","114","237"
"<1 years","Chatham","86","0","4"
"Unknown years","Chatham","25","0","0"
"01-04 years","Chattahoochee","8","0","0"
"05-09 years","Chattahoochee","7","0","0"
"10-17 years","Chattahoochee","109","0","2"
"18-29 years","Chattahoochee","2027","1","1"
"30-39 years","Chattahoochee","206","1","3"
"40-49 years","Chattahoochee","50","0","0"
"50-59 years","Chattahoochee","22","0","5"
"60-69 years","Chattahoochee","17","0","4"
"70-79 years","Chattahoochee","6","0","2"
"80 & Older years","Chattahoochee","7","1","3"
"<1 years","Chattahoochee","9","0","0"
"Unknown years","Chattahoochee","1","0","0"
"01-04 years","Chattooga","10","0","0"
"05-09 years","Chattooga","23","0","0"
"10-17 years","Chattooga","169","0","1"
"18-29 years","Chattooga","343","0","4"
"30-39 years","Chattooga","272","0","6"
"40-49 years","Chattooga","300","1","9"
"50-59 years","Chattooga","302","5","15"
"60-69 years","Chattooga","259","13","34"
"70-79 years","Chattooga","158","14","38"
"80 & Older years","Chattooga","112","20","26"
"<1 years","Chattooga","9","0","1"
"Unknown years","Chattooga","24","0","1"
"01-04 years","Cherokee","185","0","7"
"05-09 years","Cherokee","459","0","7"
"10-17 years","Cherokee","1811","0","12"
"18-29 years","Cherokee","3684","1","64"
"30-39 years","Cherokee","2613","2","87"
"40-49 years","Cherokee","2931","4","103"
"50-59 years","Cherokee","2942","15","167"
"60-69 years","Cherokee","1756","31","194"
"70-79 years","Cherokee","1168","53","207"
"80 & Older years","Cherokee","757","100","194"
"<1 years","Cherokee","35","0","1"
"Unknown years","Cherokee","76","0","2"
"01-04 years","Clarke","148","0","1"
"05-09 years","Clarke","180","0","1"
"10-17 years","Clarke","520","0","5"
"18-29 years","Clarke","5445","1","30"
"30-39 years","Clarke","1413","2","32"
"40-49 years","Clarke","1150","2","44"
"50-59 years","Clarke","1036","6","56"
"60-69 years","Clarke","693","13","81"
"70-79 years","Clarke","414","36","93"
"80 & Older years","Clarke","226","34","58"
"<1 years","Clarke","35","0","2"
"Unknown years","Clarke","46","0","0"
"01-04 years","Clay","3","0","0"
"05-09 years","Clay","2","0","0"
"10-17 years","Clay","15","0","0"
"18-29 years","Clay","26","0","0"
"30-39 years","Clay","28","0","1"
"40-49 years","Clay","25","0","0"
"50-59 years","Clay","17","0","1"
"60-69 years","Clay","23","1","2"
"70-79 years","Clay","18","0","0"
"80 & Older years","Clay","14","2","5"
"Unknown years","Clay","1","0","0"
"01-04 years","Clayton","313","0","7"
"05-09 years","Clayton","442","1","8"
"10-17 years","Clayton","1161","0","22"
"18-29 years","Clayton","3884","5","90"
"30-39 years","Clayton","3367","6","132"
"40-49 years","Clayton","3060","23","165"
"50-59 years","Clayton","2876","39","231"
"60-69 years","Clayton","1822","78","216"
"70-79 years","Clayton","790","74","149"
"80 & Older years","Clayton","416","82","100"
"<1 years","Clayton","64","0","2"
"Unknown years","Clayton","58","0","2"
"01-04 years","Clinch","12","0","0"
"05-09 years","Clinch","19","0","0"
"10-17 years","Clinch","73","0","0"
"18-29 years","Clinch","126","0","2"
"30-39 years","Clinch","97","1","4"
"40-49 years","Clinch","91","0","3"
"50-59 years","Clinch","90","2","13"
"60-69 years","Clinch","99","6","14"
"70-79 years","Clinch","51","8","18"
"80 & Older years","Clinch","17","3","5"
"<1 years","Clinch","2","0","0"
"Unknown years","Clinch","1","0","0"
"01-04 years","Cobb","598","1","13"
"05-09 years","Cobb","1079","0","8"
"10-17 years","Cobb","3533","0","30"
"18-29 years","Cobb","13061","4","215"
"30-39 years","Cobb","8687","12","221"
"40-49 years","Cobb","8213","27","358"
"50-59 years","Cobb","7362","48","471"
"60-69 years","Cobb","4489","108","455"
"70-79 years","Cobb","2534","220","435"
"80 & Older years","Cobb","1581","303","390"
"<1 years","Cobb","163","0","9"
"Unknown years","Cobb","368","0","3"
"01-04 years","Coffee","73","0","2"
"05-09 years","Coffee","90","0","4"
"10-17 years","Coffee","266","0","3"
"18-29 years","Coffee","771","0","21"
"30-39 years","Coffee","572","3","39"
"40-49 years","Coffee","658","3","85"
"50-59 years","Coffee","643","5","114"
"60-69 years","Coffee","506","27","123"
"70-79 years","Coffee","274","32","113"
"80 & Older years","Coffee","145","32","80"
"<1 years","Coffee","12","0","0"
"Unknown years","Coffee","1","0","0"
"01-04 years","Colquitt","41","0","0"
"05-09 years","Colquitt","84","0","1"
"10-17 years","Colquitt","296","0","4"
"18-29 years","Colquitt","656","0","16"
"30-39 years","Colquitt","458","0","16"
"40-49 years","Colquitt","473","6","35"
"50-59 years","Colquitt","438","11","34"
"60-69 years","Colquitt","301","11","36"
"70-79 years","Colquitt","185","9","41"
"80 & Older years","Colquitt","127","19","25"
"<1 years","Colquitt","13","0","0"
"Unknown years","Colquitt","11","0","0"
"01-04 years","Columbia","108","0","2"
"05-09 years","Columbia","247","0","0"
"10-17 years","Columbia","936","0","1"
"18-29 years","Columbia","2023","0","21"
"30-39 years","Columbia","1786","2","21"
"40-49 years","Columbia","1622","7","41"
"50-59 years","Columbia","1409","12","64"
"60-69 years","Columbia","898","18","76"
"70-79 years","Columbia","492","34","83"
"80 & Older years","Columbia","275","52","75"
"<1 years","Columbia","28","0","1"
"Unknown years","Columbia","19","0","0"
"01-04 years","Cook","12","0","1"
"05-09 years","Cook","21","0","0"
"10-17 years","Cook","89","0","1"
"18-29 years","Cook","219","0","6"
"30-39 years","Cook","163","0","4"
"40-49 years","Cook","171","0","13"
"50-59 years","Cook","155","2","17"
"60-69 years","Cook","118","8","18"
"70-79 years","Cook","95","10","28"
"80 & Older years","Cook","52","13","14"
"<1 years","Cook","6","0","0"
"Unknown years","Cook","2","0","0"
"01-04 years","Coweta","89","0","0"
"05-09 years","Coweta","164","0","0"
"10-17 years","Coweta","540","0","4"
"18-29 years","Coweta","1382","1","14"
"30-39 years","Coweta","1046","0","21"
"40-49 years","Coweta","1126","4","28"
"50-59 years","Coweta","1301","15","51"
"60-69 years","Coweta","808","22","44"
"70-79 years","Coweta","510","26","53"
"80 & Older years","Coweta","280","46","33"
"<1 years","Coweta","25","0","1"
"Unknown years","Coweta","21","0","0"
"01-04 years","Crawford","2","0","0"
"05-09 years","Crawford","1","0","0"
"10-17 years","Crawford","26","0","0"
"18-29 years","Crawford","69","0","2"
"30-39 years","Crawford","64","0","5"
"40-49 years","Crawford","55","1","3"
"50-59 years","Crawford","105","3","13"
"60-69 years","Crawford","93","3","14"
"70-79 years","Crawford","37","3","14"
"80 & Older years","Crawford","21","0","7"
"01-04 years","Crisp","20","0","0"
"05-09 years","Crisp","24","0","0"
"10-17 years","Crisp","92","0","1"
"18-29 years","Crisp","201","0","7"
"30-39 years","Crisp","200","1","13"
"40-49 years","Crisp","187","1","17"
"50-59 years","Crisp","189","4","25"
"60-69 years","Crisp","180","11","31"
"70-79 years","Crisp","94","8","30"
"80 & Older years","Crisp","69","11","16"
"<1 years","Crisp","7","0","0"
"Unknown years","Crisp","13","0","0"
"01-04 years","Dade","10","0","0"
"05-09 years","Dade","29","0","0"
"10-17 years","Dade","79","0","0"
"18-29 years","Dade","186","0","1"
"30-39 years","Dade","129","0","2"
"40-49 years","Dade","158","0","7"
"50-59 years","Dade","140","1","7"
"60-69 years","Dade","107","1","6"
"70-79 years","Dade","72","5","15"
"80 & Older years","Dade","48","1","8"
"<1 years","Dade","7","0","0"
"Unknown years","Dade","29","0","1"
"01-04 years","Dawson","21","0","0"
"05-09 years","Dawson","41","0","0"
"10-17 years","Dawson","179","0","4"
"18-29 years","Dawson","478","0","11"
"30-39 years","Dawson","339","0","11"
"40-49 years","Dawson","322","0","21"
"50-59 years","Dawson","375","2","28"
"60-69 years","Dawson","303","4","62"
"70-79 years","Dawson","193","13","42"
"80 & Older years","Dawson","80","10","27"
"<1 years","Dawson","8","0","1"
"Unknown years","Dawson","69","0","2"
"01-04 years","DeKalb","647","0","18"
"05-09 years","DeKalb","952","0","14"
"10-17 years","DeKalb","2746","0","48"
"18-29 years","DeKalb","11025","9","309"
"30-39 years","DeKalb","9534","14","447"
"40-49 years","DeKalb","7600","27","512"
"50-59 years","DeKalb","6870","72","704"
"60-69 years","DeKalb","4349","126","746"
"70-79 years","DeKalb","2237","171","564"
"80 & Older years","DeKalb","1390","211","416"
"<1 years","DeKalb","154","0","7"
"Unknown years","DeKalb","251","0","7"
"01-04 years","Decatur","48","0","1"
"05-09 years","Decatur","58","0","0"
"10-17 years","Decatur","194","0","0"
"18-29 years","Decatur","387","1","8"
"30-39 years","Decatur","304","1","8"
"40-49 years","Decatur","302","1","18"
"50-59 years","Decatur","250","5","25"
"60-69 years","Decatur","215","10","29"
"70-79 years","Decatur","130","16","22"
"80 & Older years","Decatur","95","13","19"
"<1 years","Decatur","9","0","0"
"01-04 years","Dodge","7","0","0"
"05-09 years","Dodge","17","0","0"
"10-17 years","Dodge","81","1","1"
"18-29 years","Dodge","185","0","4"
"30-39 years","Dodge","140","0","3"
"40-49 years","Dodge","148","1","10"
"50-59 years","Dodge","173","4","15"
"60-69 years","Dodge","152","13","29"
"70-79 years","Dodge","80","16","21"
"80 & Older years","Dodge","56","16","17"
"<1 years","Dodge","3","0","0"
"Unknown years","Dodge","1","1","0"
"01-04 years","Dooly","12","0","0"
"05-09 years","Dooly","11","0","0"
"10-17 years","Dooly","45","0","1"
"18-29 years","Dooly","98","0","5"
"30-39 years","Dooly","94","0","9"
"40-49 years","Dooly","111","0","8"
"50-59 years","Dooly","126","5","15"
"60-69 years","Dooly","117","9","22"
"70-79 years","Dooly","62","6","12"
"80 & Older years","Dooly","21","6","5"
"<1 years","Dooly","3","0","0"
"Unknown years","Dooly","3","0","0"
"01-04 years","Dougherty","53","0","3"
"05-09 years","Dougherty","93","0","0"
"10-17 years","Dougherty","219","0","4"
"18-29 years","Dougherty","875","2","72"
"30-39 years","Dougherty","738","4","67"
"40-49 years","Dougherty","765","14","102"
"50-59 years","Dougherty","841","23","148"
"60-69 years","Dougherty","733","66","221"
"70-79 years","Dougherty","431","56","165"
"80 & Older years","Dougherty","251","82","108"
"<1 years","Dougherty","23","0","1"
"Unknown years","Dougherty","11","0","0"
"01-04 years","Douglas","127","0","3"
"05-09 years","Douglas","239","0","4"
"10-17 years","Douglas","727","0","5"
"18-29 years","Douglas","1978","0","42"
"30-39 years","Douglas","1560","3","52"
"40-49 years","Douglas","1817","4","93"
"50-59 years","Douglas","1642","18","133"
"60-69 years","Douglas","947","27","136"
"70-79 years","Douglas","510","49","121"
"80 & Older years","Douglas","246","31","70"
"<1 years","Douglas","27","0","4"
"Unknown years","Douglas","99","0","0"
"01-04 years","Early","19","0","0"
"05-09 years","Early","17","0","0"
"10-17 years","Early","75","0","0"
"18-29 years","Early","134","0","4"
"30-39 years","Early","140","0","4"
"40-49 years","Early","159","1","9"
"50-59 years","Early","150","3","10"
"60-69 years","Early","114","11","12"
"70-79 years","Early","71","13","15"
"80 & Older years","Early","38","12","11"
"<1 years","Early","2","0","0"
"01-04 years","Echols","7","0","0"
"05-09 years","Echols","5","0","0"
"10-17 years","Echols","26","0","1"
"18-29 years","Echols","129","0","1"
"30-39 years","Echols","56","0","2"
"40-49 years","Echols","40","0","1"
"50-59 years","Echols","43","0","2"
"60-69 years","Echols","21","0","0"
"70-79 years","Echols","17","2","3"
"80 & Older years","Echols","1","0","1"
"<1 years","Echols","1","0","0"
"01-04 years","Effingham","41","0","2"
"05-09 years","Effingham","96","0","0"
"10-17 years","Effingham","310","0","0"
"18-29 years","Effingham","596","0","4"
"30-39 years","Effingham","524","1","12"
"40-49 years","Effingham","502","0","26"
"50-59 years","Effingham","504","9","34"
"60-69 years","Effingham","334","5","48"
"70-79 years","Effingham","198","17","49"
"80 & Older years","Effingham","89","15","29"
"<1 years","Effingham","7","0","0"
"Unknown years","Effingham","5","0","0"
"01-04 years","Elbert","18","0","0"
"05-09 years","Elbert","27","0","0"
"10-17 years","Elbert","78","0","0"
"18-29 years","Elbert","242","0","1"
"30-39 years","Elbert","171","0","8"
"40-49 years","Elbert","204","1","8"
"50-59 years","Elbert","217","0","11"
"60-69 years","Elbert","175","2","20"
"70-79 years","Elbert","150","12","30"
"80 & Older years","Elbert","123","22","29"
"<1 years","Elbert","8","0","2"
"Unknown years","Elbert","9","0","0"
"01-04 years","Emanuel","23","0","1"
"05-09 years","Emanuel","21","0","0"
"10-17 years","Emanuel","160","0","2"
"18-29 years","Emanuel","291","1","0"
"30-39 years","Emanuel","219","0","7"
"40-49 years","Emanuel","274","1","7"
"50-59 years","Emanuel","244","6","24"
"60-69 years","Emanuel","211","9","26"
"70-79 years","Emanuel","123","15","25"
"80 & Older years","Emanuel","59","19","20"
"<1 years","Emanuel","4","0","0"
"Unknown years","Emanuel","11","0","1"
"01-04 years","Evans","9","0","0"
"05-09 years","Evans","20","0","0"
"10-17 years","Evans","80","0","0"
"18-29 years","Evans","131","1","3"
"30-39 years","Evans","119","0","3"
"40-49 years","Evans","99","0","9"
"50-59 years","Evans","101","1","15"
"60-69 years","Evans","61","3","14"
"70-79 years","Evans","44","3","12"
"80 & Older years","Evans","18","2","9"
"<1 years","Evans","2","0","0"
"Unknown years","Evans","1","0","0"
"01-04 years","Fannin","12","0","0"
"05-09 years","Fannin","24","0","0"
"10-17 years","Fannin","105","0","0"
"18-29 years","Fannin","259","1","3"
"30-39 years","Fannin","201","0","6"
"40-49 years","Fannin","234","1","9"
"50-59 years","Fannin","318","4","21"
"60-69 years","Fannin","303","5","31"
"70-79 years","Fannin","224","9","37"
"80 & Older years","Fannin","135","27","45"
"<1 years","Fannin","4","0","0"
"Unknown years","Fannin","17","0","0"
"01-04 years","Fayette","52","0","0"
"05-09 years","Fayette","88","0","1"
"10-17 years","Fayette","390","0","2"
"18-29 years","Fayette","998","0","6"
"30-39 years","Fayette","631","1","7"
"40-49 years","Fayette","851","1","22"
"50-59 years","Fayette","904","5","32"
"60-69 years","Fayette","702","15","38"
"70-79 years","Fayette","371","39","59"
"80 & Older years","Fayette","246","45","34"
"<1 years","Fayette","11","0","0"
"Unknown years","Fayette","40","0","0"
"01-04 years","Floyd","107","0","3"
"05-09 years","Floyd","182","0","0"
"10-17 years","Floyd","821","0","8"
"18-29 years","Floyd","1800","0","19"
"30-39 years","Floyd","1311","3","40"
"40-49 years","Floyd","1281","4","71"
"50-59 years","Floyd","1222","18","116"
"60-69 years","Floyd","890","30","150"
"70-79 years","Floyd","618","35","156"
"80 & Older years","Floyd","352","52","118"
"<1 years","Floyd","41","0","2"
"Unknown years","Floyd","109","0","1"
"01-04 years","Forsyth","164","0","1"
"05-09 years","Forsyth","395","0","2"
"10-17 years","Forsyth","1529","0","5"
"18-29 years","Forsyth","2627","0","41"
"30-39 years","Forsyth","1860","0","56"
"40-49 years","Forsyth","2404","4","110"
"50-59 years","Forsyth","2251","9","146"
"60-69 years","Forsyth","1174","11","132"
"70-79 years","Forsyth","735","37","197"
"80 & Older years","Forsyth","440","54","132"
"<1 years","Forsyth","42","0","3"
"Unknown years","Forsyth","1029","0","2"
"01-04 years","Franklin","12","0","1"
"05-09 years","Franklin","48","0","0"
"10-17 years","Franklin","166","0","5"
"18-29 years","Franklin","399","0","9"
"30-39 years","Franklin","274","0","3"
"40-49 years","Franklin","312","0","12"
"50-59 years","Franklin","314","0","20"
"60-69 years","Franklin","281","3","33"
"70-79 years","Franklin","162","15","30"
"80 & Older years","Franklin","75","13","19"
"<1 years","Franklin","8","0","1"
"Unknown years","Franklin","99","0","2"
"01-04 years","Fulton","798","0","17"
"05-09 years","Fulton","1337","0","11"
"10-17 years","Fulton","4289","1","40"
"18-29 years","Fulton","18348","5","292"
"30-39 years","Fulton","13337","18","414"
"40-49 years","Fulton","10577","30","490"
"50-59 years","Fulton","9491","78","687"
"60-69 years","Fulton","5621","167","670"
"70-79 years","Fulton","3046","233","594"
"80 & Older years","Fulton","2175","395","604"
"<1 years","Fulton","183","0","7"
"Unknown years","Fulton","289","0","4"
"01-04 years","Gilmer","28","0","2"
"05-09 years","Gilmer","33","0","0"
"10-17 years","Gilmer","161","0","2"
"18-29 years","Gilmer","324","0","8"
"30-39 years","Gilmer","290","0","14"
"40-49 years","Gilmer","307","0","15"
"50-59 years","Gilmer","345","5","21"
"60-69 years","Gilmer","316","6","34"
"70-79 years","Gilmer","228","10","38"
"80 & Older years","Gilmer","131","28","38"
"<1 years","Gilmer","10","0","0"
"Unknown years","Gilmer","43","0","0"
"01-04 years","Glascock","1","0","0"
"05-09 years","Glascock","2","0","0"
"10-17 years","Glascock","1","0","0"
"18-29 years","Glascock","21","0","1"
"30-39 years","Glascock","15","0","0"
"40-49 years","Glascock","19","0","2"
"50-59 years","Glascock","26","2","3"
"60-69 years","Glascock","14","0","1"
"70-79 years","Glascock","22","1","7"
"80 & Older years","Glascock","9","1","5"
"<1 years","Glascock","1","0","0"
"Unknown years","Glascock","1","0","0"
"01-04 years","Glynn","85","0","1"
"05-09 years","Glynn","157","0","1"
"10-17 years","Glynn","442","0","0"
"18-29 years","Glynn","1267","0","22"
"30-39 years","Glynn","960","4","25"
"40-49 years","Glynn","817","3","32"
"50-59 years","Glynn","785","9","63"
"60-69 years","Glynn","649","26","104"
"70-79 years","Glynn","398","40","76"
"80 & Older years","Glynn","235","55","81"
"<1 years","Glynn","18","0","0"
"Unknown years","Glynn","116","0","0"
"01-04 years","Gordon","76","0","0"
"05-09 years","Gordon","106","0","0"
"10-17 years","Gordon","464","0","4"
"18-29 years","Gordon","1059","0","11"
"30-39 years","Gordon","821","2","18"
"40-49 years","Gordon","876","1","26"
"50-59 years","Gordon","852","9","39"
"60-69 years","Gordon","513","19","42"
"70-79 years","Gordon","315","22","67"
"80 & Older years","Gordon","167","28","46"
"<1 years","Gordon","20","0","3"
"Unknown years","Gordon","83","0","3"
"01-04 years","Grady","30","0","1"
"05-09 years","Grady","38","0","0"
"10-17 years","Grady","119","0","3"
"18-29 years","Grady","242","0","9"
"30-39 years","Grady","209","0","9"
"40-49 years","Grady","226","0","20"
"50-59 years","Grady","199","7","26"
"60-69 years","Grady","155","4","23"
"70-79 years","Grady","145","14","42"
"80 & Older years","Grady","53","16","17"
"<1 years","Grady","4","0","1"
"Unknown years","Grady","3","0","0"
"01-04 years","Greene","14","0","0"
"05-09 years","Greene","30","0","0"
"10-17 years","Greene","73","0","0"
"18-29 years","Greene","236","0","5"
"30-39 years","Greene","166","0","6"
"40-49 years","Greene","160","3","12"
"50-59 years","Greene","194","4","15"
"60-69 years","Greene","200","5","13"
"70-79 years","Greene","147","5","22"
"80 & Older years","Greene","87","19","32"
"<1 years","Greene","3","0","1"
"Unknown years","Greene","1","0","0"
"01-04 years","Gwinnett","1140","0","21"
"05-09 years","Gwinnett","1814","0","19"
"10-17 years","Gwinnett","6038","1","74"
"18-29 years","Gwinnett","17124","6","520"
"30-39 years","Gwinnett","12667","15","532"
"40-49 years","Gwinnett","13617","42","712"
"50-59 years","Gwinnett","11534","76","776"
"60-69 years","Gwinnett","6353","149","785"
"70-79 years","Gwinnett","2901","184","614"
"80 & Older years","Gwinnett","1591","281","544"
"<1 years","Gwinnett","260","0","8"
"Unknown years","Gwinnett","229","0","1"
"01-04 years","Habersham","30","0","2"
"05-09 years","Habersham","53","0","3"
"10-17 years","Habersham","274","1","6"
"18-29 years","Habersham","764","0","10"
"30-39 years","Habersham","567","2","26"
"40-49 years","Habersham","608","3","38"
"50-59 years","Habersham","640","5","52"
"60-69 years","Habersham","517","15","107"
"70-79 years","Habersham","357","32","100"
"80 & Older years","Habersham","267","65","87"
"<1 years","Habersham","8","0","3"
"Unknown years","Habersham","325","0","4"
"01-04 years","Hall","168","0","5"
"05-09 years","Hall","341","0","3"
"10-17 years","Hall","1583","0","27"
"18-29 years","Hall","4868","3","147"
"30-39 years","Hall","3245","1","171"
"40-49 years","Hall","3435","7","240"
"50-59 years","Hall","3576","25","354"
"60-69 years","Hall","2418","60","367"
"70-79 years","Hall","1564","88","420"
"80 & Older years","Hall","887","143","356"
"<1 years","Hall","34","0","7"
"Unknown years","Hall","776","0","8"
"01-04 years","Hancock","6","0","0"
"05-09 years","Hancock","5","0","0"
"10-17 years","Hancock","28","0","0"
"18-29 years","Hancock","123","0","2"
"30-39 years","Hancock","106","0","2"
"40-49 years","Hancock","97","1","4"
"50-59 years","Hancock","128","4","15"
"60-69 years","Hancock","137","15","28"
"70-79 years","Hancock","68","15","19"
"80 & Older years","Hancock","58","18","21"
"<1 years","Hancock","4","0","0"
"Unknown years","Hancock","1","0","0"
"01-04 years","Haralson","19","0","0"
"05-09 years","Haralson","33","0","0"
"10-17 years","Haralson","131","0","1"
"18-29 years","Haralson","328","0","2"
"30-39 years","Haralson","202","0","3"
"40-49 years","Haralson","217","1","5"
"50-59 years","Haralson","230","1","3"
"60-69 years","Haralson","172","11","19"
"70-79 years","Haralson","121","10","15"
"80 & Older years","Haralson","52","5","8"
"<1 years","Haralson","6","0","0"
"Unknown years","Haralson","4","0","0"
"01-04 years","Harris","26","0","0"
"05-09 years","Harris","28","0","0"
"10-17 years","Harris","161","0","2"
"18-29 years","Harris","292","0","4"
"30-39 years","Harris","211","0","6"
"40-49 years","Harris","307","3","9"
"50-59 years","Harris","309","5","20"
"60-69 years","Harris","278","13","45"
"70-79 years","Harris","154","12","34"
"80 & Older years","Harris","52","7","9"
"<1 years","Harris","5","0","0"
"Unknown years","Harris","7","0","0"
"01-04 years","Hart","16","0","0"
"05-09 years","Hart","23","0","1"
"10-17 years","Hart","84","0","0"
"18-29 years","Hart","274","0","2"
"30-39 years","Hart","229","0","6"
"40-49 years","Hart","217","0","8"
"50-59 years","Hart","261","3","16"
"60-69 years","Hart","201","11","28"
"70-79 years","Hart","126","7","18"
"80 & Older years","Hart","84","11","25"
"<1 years","Hart","4","0","1"
"Unknown years","Hart","48","0","0"
"01-04 years","Heard","8","0","0"
"05-09 years","Heard","11","0","0"
"10-17 years","Heard","54","0","1"
"18-29 years","Heard","95","0","1"
"30-39 years","Heard","56","0","1"
"40-49 years","Heard","100","0","5"
"50-59 years","Heard","85","0","5"
"60-69 years","Heard","67","3","7"
"70-79 years","Heard","45","5","13"
"80 & Older years","Heard","20","4","2"
"<1 years","Heard","4","0","0"
"Unknown years","Heard","1","0","0"
"01-04 years","Henry","182","0","5"
"05-09 years","Henry","291","0","1"
"10-17 years","Henry","1110","0","10"
"18-29 years","Henry","3131","1","25"
"30-39 years","Henry","2558","6","38"
"40-49 years","Henry","2858","11","74"
"50-59 years","Henry","2786","15","101"
"60-69 years","Henry","1565","44","75"
"70-79 years","Henry","775","61","63"
"80 & Older years","Henry","403","66","45"
"<1 years","Henry","38","0","2"
"Unknown years","Henry","34","0","0"
"01-04 years","Houston","86","0","2"
"05-09 years","Houston","131","0","1"
"10-17 years","Houston","610","0","3"
"18-29 years","Houston","1903","3","32"
"30-39 years","Houston","1628","2","52"
"40-49 years","Houston","1520","4","80"
"50-59 years","Houston","1311","12","89"
"60-69 years","Houston","850","34","124"
"70-79 years","Houston","478","50","127"
"80 & Older years","Houston","261","41","81"
"<1 years","Houston","21","0","2"
"Unknown years","Houston","5","0","0"
"01-04 years","Irwin","6","0","0"
"05-09 years","Irwin","10","0","0"
"10-17 years","Irwin","51","0","0"
"18-29 years","Irwin","111","0","4"
"30-39 years","Irwin","94","0","4"
"40-49 years","Irwin","112","1","9"
"50-59 years","Irwin","101","2","11"
"60-69 years","Irwin","81","1","21"
"70-79 years","Irwin","48","5","7"
"80 & Older years","Irwin","34","6","18"
"01-04 years","Jackson","55","0","0"
"05-09 years","Jackson","138","0","2"
"10-17 years","Jackson","667","0","3"
"18-29 years","Jackson","1349","2","16"
"30-39 years","Jackson","1172","1","19"
"40-49 years","Jackson","1277","6","49"
"50-59 years","Jackson","1199","4","65"
"60-69 years","Jackson","804","19","68"
"70-79 years","Jackson","551","27","95"
"80 & Older years","Jackson","295","43","90"
"<1 years","Jackson","14","0","2"
"Unknown years","Jackson","41","0","1"
"01-04 years","Jasper","5","0","1"
"05-09 years","Jasper","6","0","0"
"10-17 years","Jasper","30","0","0"
"18-29 years","Jasper","105","0","3"
"30-39 years","Jasper","86","0","1"
"40-49 years","Jasper","85","0","3"
"50-59 years","Jasper","113","1","13"
"60-69 years","Jasper","84","7","12"
"70-79 years","Jasper","44","5","11"
"80 & Older years","Jasper","14","0","3"
"<1 years","Jasper","3","0","1"
"Unknown years","Jasper","1","0","0"
"01-04 years","Jeff Davis","28","0","1"
"05-09 years","Jeff Davis","28","0","0"
"10-17 years","Jeff Davis","106","0","2"
"18-29 years","Jeff Davis","227","0","4"
"30-39 years","Jeff Davis","197","0","9"
"40-49 years","Jeff Davis","190","0","11"
"50-59 years","Jeff Davis","174","7","19"
"60-69 years","Jeff Davis","119","6","22"
"70-79 years","Jeff Davis","79","12","17"
"80 & Older years","Jeff Davis","16","8","6"
"<1 years","Jeff Davis","2","0","1"
"Unknown years","Jeff Davis","7","0","0"
"01-04 years","Jefferson","17","0","0"
"05-09 years","Jefferson","31","0","0"
"10-17 years","Jefferson","93","0","1"
"18-29 years","Jefferson","224","0","3"
"30-39 years","Jefferson","180","0","7"
"40-49 years","Jefferson","201","3","12"
"50-59 years","Jefferson","253","4","21"
"60-69 years","Jefferson","229","11","29"
"70-79 years","Jefferson","148","14","37"
"80 & Older years","Jefferson","67","17","27"
"<1 years","Jefferson","4","0","0"
"Unknown years","Jefferson","9","0","0"
"01-04 years","Jenkins","14","0","0"
"05-09 years","Jenkins","20","0","0"
"10-17 years","Jenkins","58","0","0"
"18-29 years","Jenkins","101","0","2"
"30-39 years","Jenkins","81","1","6"
"40-49 years","Jenkins","107","3","10"
"50-59 years","Jenkins","112","6","16"
"60-69 years","Jenkins","81","5","11"
"70-79 years","Jenkins","55","12","21"
"80 & Older years","Jenkins","49","9","10"
"<1 years","Jenkins","2","0","0"
"Unknown years","Jenkins","2","0","1"
"01-04 years","Johnson","6","0","0"
"05-09 years","Johnson","7","0","0"
"10-17 years","Johnson","24","0","0"
"18-29 years","Johnson","104","0","2"
"30-39 years","Johnson","97","0","3"
"40-49 years","Johnson","87","1","7"
"50-59 years","Johnson","130","3","17"
"60-69 years","Johnson","119","7","18"
"70-79 years","Johnson","83","6","22"
"80 & Older years","Johnson","67","17","21"
"<1 years","Johnson","1","0","1"
"Unknown years","Johnson","2","0","0"
"01-04 years","Jones","6","0","0"
"05-09 years","Jones","21","0","0"
"10-17 years","Jones","78","0","0"
"18-29 years","Jones","312","0","6"
"30-39 years","Jones","224","1","7"
"40-49 years","Jones","202","2","9"
"50-59 years","Jones","240","1","20"
"60-69 years","Jones","161","3","25"
"70-79 years","Jones","104","10","33"
"80 & Older years","Jones","66","13","18"
"<1 years","Jones","3","0","0"
"Unknown years","Jones","1","0","0"
"01-04 years","Lamar","20","0","0"
"05-09 years","Lamar","38","0","0"
"10-17 years","Lamar","94","0","1"
"18-29 years","Lamar","177","0","1"
"30-39 years","Lamar","161","0","4"
"40-49 years","Lamar","156","1","4"
"50-59 years","Lamar","173","2","20"
"60-69 years","Lamar","153","6","17"
"70-79 years","Lamar","114","6","18"
"80 & Older years","Lamar","61","18","16"
"<1 years","Lamar","12","0","0"
"Unknown years","Lamar","10","0","0"
"01-04 years","Lanier","6","0","0"
"05-09 years","Lanier","10","0","1"
"10-17 years","Lanier","28","0","1"
"18-29 years","Lanier","96","1","1"
"30-39 years","Lanier","112","0","1"
"40-49 years","Lanier","69","1","2"
"50-59 years","Lanier","59","0","5"
"60-69 years","Lanier","37","1","2"
"70-79 years","Lanier","23","4","6"
"80 & Older years","Lanier","12","0","6"
"<1 years","Lanier","4","0","0"
"01-04 years","Laurens","25","0","0"
"05-09 years","Laurens","43","0","1"
"10-17 years","Laurens","215","0","2"
"18-29 years","Laurens","602","0","9"
"30-39 years","Laurens","510","1","17"
"40-49 years","Laurens","520","4","26"
"50-59 years","Laurens","546","9","57"
"60-69 years","Laurens","458","27","76"
"70-79 years","Laurens","307","40","73"
"80 & Older years","Laurens","217","47","57"
"<1 years","Laurens","3","0","0"
"Unknown years","Laurens","4","0","0"
"01-04 years","Lee","11","0","0"
"05-09 years","Lee","23","0","3"
"10-17 years","Lee","106","0","2"
"18-29 years","Lee","249","1","9"
"30-39 years","Lee","270","1","16"
"40-49 years","Lee","275","3","27"
"50-59 years","Lee","242","7","37"
"60-69 years","Lee","170","10","24"
"70-79 years","Lee","84","11","25"
"80 & Older years","Lee","45","7","15"
"<1 years","Lee","7","0","0"
"Unknown years","Lee","1","0","0"
"01-04 years","Liberty","31","0","1"
"05-09 years","Liberty","46","0","1"
"10-17 years","Liberty","188","0","2"
"18-29 years","Liberty","653","1","13"
"30-39 years","Liberty","409","0","13"
"40-49 years","Liberty","369","0","17"
"50-59 years","Liberty","343","5","33"
"60-69 years","Liberty","247","12","42"
"70-79 years","Liberty","107","11","38"
"80 & Older years","Liberty","59","11","25"
"<1 years","Liberty","22","0","1"
"Unknown years","Liberty","12","0","0"
"01-04 years","Lincoln","9","0","0"
"05-09 years","Lincoln","12","0","0"
"10-17 years","Lincoln","22","0","0"
"18-29 years","Lincoln","83","0","2"
"30-39 years","Lincoln","61","0","1"
"40-49 years","Lincoln","71","0","5"
"50-59 years","Lincoln","60","2","5"
"60-69 years","Lincoln","65","4","13"
"70-79 years","Lincoln","45","3","9"
"80 & Older years","Lincoln","21","7","8"
"<1 years","Lincoln","2","0","0"
"Unknown years","Lincoln","5","0","0"
"01-04 years","Long","12","0","0"
"05-09 years","Long","8","0","0"
"10-17 years","Long","45","0","0"
"18-29 years","Long","110","0","0"
"30-39 years","Long","122","0","2"
"40-49 years","Long","84","0","5"
"50-59 years","Long","76","1","9"
"60-69 years","Long","64","1","8"
"70-79 years","Long","35","5","13"
"80 & Older years","Long","20","2","7"
"<1 years","Long","4","0","0"
"Unknown years","Long","6","0","0"
"01-04 years","Lowndes","128","0","0"
"05-09 years","Lowndes","160","0","0"
"10-17 years","Lowndes","551","0","6"
"18-29 years","Lowndes","2122","4","27"
"30-39 years","Lowndes","1119","1","18"
"40-49 years","Lowndes","940","3","37"
"50-59 years","Lowndes","825","7","50"
"60-69 years","Lowndes","571","23","70"
"70-79 years","Lowndes","307","36","57"
"80 & Older years","Lowndes","188","44","51"
"<1 years","Lowndes","28","0","0"
"Unknown years","Lowndes","19","0","0"
"01-04 years","Lumpkin","15","0","0"
"05-09 years","Lumpkin","29","0","2"
"10-17 years","Lumpkin","120","0","2"
"18-29 years","Lumpkin","643","0","10"
"30-39 years","Lumpkin","315","0","9"
"40-49 years","Lumpkin","309","1","15"
"50-59 years","Lumpkin","348","4","39"
"60-69 years","Lumpkin","342","8","49"
"70-79 years","Lumpkin","249","7","59"
"80 & Older years","Lumpkin","128","28","65"
"<1 years","Lumpkin","7","0","1"
"Unknown years","Lumpkin","48","0","2"
"01-04 years","Macon","7","0","0"
"05-09 years","Macon","9","0","0"
"10-17 years","Macon","21","0","0"
"18-29 years","Macon","90","0","3"
"30-39 years","Macon","65","0","4"
"40-49 years","Macon","99","1","7"
"50-59 years","Macon","103","4","12"
"60-69 years","Macon","71","5","21"
"70-79 years","Macon","50","3","15"
"80 & Older years","Macon","18","5","6"
"<1 years","Macon","3","0","0"
"Unknown years","Macon","4","0","1"
"01-04 years","Madison","39","0","0"
"05-09 years","Madison","49","0","0"
"10-17 years","Madison","203","0","0"
"18-29 years","Madison","428","0","2"
"30-39 years","Madison","371","0","5"
"40-49 years","Madison","367","0","14"
"50-59 years","Madison","396","3","21"
"60-69 years","Madison","284","7","33"
"70-79 years","Madison","172","11","32"
"80 & Older years","Madison","69","8","6"
"<1 years","Madison","17","0","3"
"Unknown years","Madison","14","0","0"
"01-04 years","Marion","6","0","0"
"05-09 years","Marion","5","0","0"
"10-17 years","Marion","34","0","0"
"18-29 years","Marion","54","0","1"
"30-39 years","Marion","38","0","2"
"40-49 years","Marion","54","1","5"
"50-59 years","Marion","57","3","5"
"60-69 years","Marion","40","3","4"
"70-79 years","Marion","28","1","5"
"80 & Older years","Marion","27","2","7"
"<1 years","Marion","2","0","0"
"Unknown years","Marion","3","0","0"
"01-04 years","McDuffie","23","0","0"
"05-09 years","McDuffie","27","0","0"
"10-17 years","McDuffie","101","0","0"
"18-29 years","McDuffie","286","0","4"
"30-39 years","McDuffie","229","2","4"
"40-49 years","McDuffie","224","2","12"
"50-59 years","McDuffie","225","2","23"
"60-69 years","McDuffie","180","8","24"
"70-79 years","McDuffie","108","7","39"
"80 & Older years","McDuffie","46","10","23"
"Unknown years","McDuffie","33","0","1"
"01-04 years","McIntosh","1","0","0"
"05-09 years","McIntosh","8","0","0"
"10-17 years","McIntosh","35","0","0"
"18-29 years","McIntosh","91","0","2"
"30-39 years","McIntosh","71","0","3"
"40-49 years","McIntosh","75","0","4"
"50-59 years","McIntosh","104","0","2"
"60-69 years","McIntosh","82","2","17"
"70-79 years","McIntosh","58","3","13"
"80 & Older years","McIntosh","20","5","7"
"<1 years","McIntosh","1","0","0"
"Unknown years","McIntosh","3","0","0"
"01-04 years","Meriwether","21","0","1"
"05-09 years","Meriwether","22","0","1"
"10-17 years","Meriwether","72","0","1"
"18-29 years","Meriwether","187","0","6"
"30-39 years","Meriwether","152","2","13"
"40-49 years","Meriwether","199","2","14"
"50-59 years","Meriwether","202","4","14"
"60-69 years","Meriwether","189","4","22"
"70-79 years","Meriwether","157","9","28"
"80 & Older years","Meriwether","83","10","14"
"<1 years","Meriwether","3","0","0"
"Unknown years","Meriwether","6","0","0"
"01-04 years","Miller","8","0","0"
"05-09 years","Miller","8","0","0"
"10-17 years","Miller","59","0","1"
"18-29 years","Miller","99","0","1"
"30-39 years","Miller","91","0","0"
"40-49 years","Miller","70","0","5"
"50-59 years","Miller","117","2","10"
"60-69 years","Miller","79","2","5"
"70-79 years","Miller","27","0","2"
"80 & Older years","Miller","23","0","6"
"<1 years","Miller","3","0","0"
"01-04 years","Mitchell","18","0","0"
"05-09 years","Mitchell","22","0","0"
"10-17 years","Mitchell","76","0","1"
"18-29 years","Mitchell","229","0","9"
"30-39 years","Mitchell","205","1","15"
"40-49 years","Mitchell","202","3","17"
"50-59 years","Mitchell","237","9","51"
"60-69 years","Mitchell","199","14","46"
"70-79 years","Mitchell","127","17","43"
"80 & Older years","Mitchell","95","24","29"
"<1 years","Mitchell","6","0","0"
"Unknown years","Mitchell","6","0","1"
"01-04 years","Monroe","9","0","0"
"05-09 years","Monroe","20","0","1"
"10-17 years","Monroe","75","0","0"
"18-29 years","Monroe","262","0","3"
"30-39 years","Monroe","219","0","6"
"40-49 years","Monroe","254","2","18"
"50-59 years","Monroe","286","3","22"
"60-69 years","Monroe","263","16","40"
"70-79 years","Monroe","154","19","39"
"80 & Older years","Monroe","113","34","28"
"<1 years","Monroe","3","0","1"
"01-04 years","Montgomery","9","0","0"
"05-09 years","Montgomery","6","0","0"
"10-17 years","Montgomery","46","0","1"
"18-29 years","Montgomery","149","0","1"
"30-39 years","Montgomery","89","1","3"
"40-49 years","Montgomery","118","0","2"
"50-59 years","Montgomery","93","2","5"
"60-69 years","Montgomery","89","5","12"
"70-79 years","Montgomery","50","6","9"
"80 & Older years","Montgomery","23","5","6"
"<1 years","Montgomery","1","0","0"
"Unknown years","Montgomery","2","0","0"
"01-04 years","Morgan","16","0","0"
"05-09 years","Morgan","19","0","1"
"10-17 years","Morgan","81","0","0"
"18-29 years","Morgan","194","0","4"
"30-39 years","Morgan","147","0","6"
"40-49 years","Morgan","151","0","4"
"50-59 years","Morgan","169","1","11"
"60-69 years","Morgan","116","1","8"
"70-79 years","Morgan","89","2","14"
"80 & Older years","Morgan","49","6","16"
"<1 years","Morgan","13","0","2"
"Unknown years","Morgan","2","0","0"
"01-04 years","Murray","53","0","2"
"05-09 years","Murray","80","0","2"
"10-17 years","Murray","345","0","1"
"18-29 years","Murray","745","0","6"
"30-39 years","Murray","506","1","7"
"40-49 years","Murray","633","0","21"
"50-59 years","Murray","564","5","37"
"60-69 years","Murray","371","6","54"
"70-79 years","Murray","230","22","46"
"80 & Older years","Murray","98","18","24"
"<1 years","Murray","19","0","2"
"Unknown years","Murray","5","0","0"
"01-04 years","Muscogee","180","0","5"
"05-09 years","Muscogee","264","0","0"
"10-17 years","Muscogee","744","0","7"
"18-29 years","Muscogee","2840","3","51"
"30-39 years","Muscogee","1896","2","73"
"40-49 years","Muscogee","1669","4","84"
"50-59 years","Muscogee","1697","33","171"
"60-69 years","Muscogee","1311","60","222"
"70-79 years","Muscogee","756","73","163"
"80 & Older years","Muscogee","468","91","131"
"<1 years","Muscogee","61","0","3"
"Unknown years","Muscogee","53","0","1"
"01-04 years","Newton","72","0","2"
"05-09 years","Newton","112","0","1"
"10-17 years","Newton","382","0","7"
"18-29 years","Newton","1180","1","34"
"30-39 years","Newton","1016","0","47"
"40-49 years","Newton","1159","4","80"
"50-59 years","Newton","1098","13","104"
"60-69 years","Newton","625","29","89"
"70-79 years","Newton","430","43","74"
"80 & Older years","Newton","270","71","64"
"<1 years","Newton","18","0","1"
"Unknown years","Newton","14","0","0"
"01-04 years","Non-GA Resident/Unknown State","235","0","2"
"05-09 years","Non-GA Resident/Unknown State","389","0","5"
"10-17 years","Non-GA Resident/Unknown State","1319","0","7"
"18-29 years","Non-GA Resident/Unknown State","5623","4","61"
"30-39 years","Non-GA Resident/Unknown State","3917","3","82"
"40-49 years","Non-GA Resident/Unknown State","3375","9","90"
"50-59 years","Non-GA Resident/Unknown State","3263","38","187"
"60-69 years","Non-GA Resident/Unknown State","2265","84","242"
"70-79 years","Non-GA Resident/Unknown State","1457","87","245"
"80 & Older years","Non-GA Resident/Unknown State","830","111","172"
"<1 years","Non-GA Resident/Unknown State","134","0","2"
"Unknown years","Non-GA Resident/Unknown State","947","3","3"
"01-04 years","Oconee","30","0","0"
"05-09 years","Oconee","50","0","0"
"10-17 years","Oconee","242","0","0"
"18-29 years","Oconee","498","0","3"
"30-39 years","Oconee","307","0","4"
"40-49 years","Oconee","469","1","10"
"50-59 years","Oconee","395","3","10"
"60-69 years","Oconee","268","9","27"
"70-79 years","Oconee","158","14","23"
"80 & Older years","Oconee","121","22","35"
"<1 years","Oconee","6","0","0"
"Unknown years","Oconee","5","1","0"
"01-04 years","Oglethorpe","16","0","0"
"05-09 years","Oglethorpe","23","0","0"
"10-17 years","Oglethorpe","79","0","1"
"18-29 years","Oglethorpe","185","0","1"
"30-39 years","Oglethorpe","128","1","1"
"40-49 years","Oglethorpe","159","1","5"
"50-59 years","Oglethorpe","154","1","18"
"60-69 years","Oglethorpe","131","0","13"
"70-79 years","Oglethorpe","97","3","12"
"80 & Older years","Oglethorpe","65","11","14"
"<1 years","Oglethorpe","7","0","0"
"Unknown years","Oglethorpe","6","0","0"
"01-04 years","Paulding","113","0","2"
"05-09 years","Paulding","225","0","0"
"10-17 years","Paulding","849","0","6"
"18-29 years","Paulding","1696","0","17"
"30-39 years","Paulding","1402","2","21"
"40-49 years","Paulding","1563","3","24"
"50-59 years","Paulding","1487","12","50"
"60-69 years","Paulding","775","25","55"
"70-79 years","Paulding","434","33","53"
"80 & Older years","Paulding","278","57","48"
"<1 years","Paulding","25","0","0"
"Unknown years","Paulding","38","1","0"
"01-04 years","Peach","12","0","2"
"05-09 years","Peach","17","0","0"
"10-17 years","Peach","62","0","1"
"18-29 years","Peach","354","1","8"
"30-39 years","Peach","273","0","15"
"40-49 years","Peach","218","3","16"
"50-59 years","Peach","281","6","38"
"60-69 years","Peach","229","7","44"
"70-79 years","Peach","108","9","31"
"80 & Older years","Peach","54","12","24"
"<1 years","Peach","4","0","0"
"Unknown years","Peach","1","0","0"
"01-04 years","Pickens","18","0","1"
"05-09 years","Pickens","31","0","0"
"10-17 years","Pickens","120","0","0"
"18-29 years","Pickens","335","0","5"
"30-39 years","Pickens","281","0","10"
"40-49 years","Pickens","340","0","12"
"50-59 years","Pickens","379","3","22"
"60-69 years","Pickens","296","4","31"
"70-79 years","Pickens","242","13","45"
"80 & Older years","Pickens","106","20","30"
"<1 years","Pickens","2","0","0"
"Unknown years","Pickens","8","0","0"
"01-04 years","Pierce","10","0","0"
"05-09 years","Pierce","20","0","0"
"10-17 years","Pierce","76","1","1"
"18-29 years","Pierce","210","0","5"
"30-39 years","Pierce","136","0","3"
"40-49 years","Pierce","183","0","12"
"50-59 years","Pierce","174","4","20"
"60-69 years","Pierce","139","9","34"
"70-79 years","Pierce","105","9","27"
"80 & Older years","Pierce","53","11","13"
"<1 years","Pierce","6","0","1"
"Unknown years","Pierce","10","0","0"
"01-04 years","Pike","24","0","0"
"05-09 years","Pike","22","0","0"
"10-17 years","Pike","103","0","1"
"18-29 years","Pike","140","0","4"
"30-39 years","Pike","121","0","2"
"40-49 years","Pike","168","2","9"
"50-59 years","Pike","133","3","7"
"60-69 years","Pike","92","2","16"
"70-79 years","Pike","77","7","14"
"80 & Older years","Pike","28","5","6"
"<1 years","Pike","1","0","0"
"Unknown years","Pike","3","0","0"
"01-04 years","Polk","37","0","1"
"05-09 years","Polk","65","0","0"
"10-17 years","Polk","292","0","2"
"18-29 years","Polk","728","0","10"
"30-39 years","Polk","505","0","10"
"40-49 years","Polk","531","1","37"
"50-59 years","Polk","543","11","64"
"60-69 years","Polk","343","11","60"
"70-79 years","Polk","282","19","75"
"80 & Older years","Polk","129","20","49"
"<1 years","Polk","15","0","0"
"Unknown years","Polk","30","0","0"
"01-04 years","Pulaski","5","0","0"
"05-09 years","Pulaski","8","0","0"
"10-17 years","Pulaski","33","0","1"
"18-29 years","Pulaski","70","0","1"
"30-39 years","Pulaski","79","0","2"
"40-49 years","Pulaski","77","0","7"
"50-59 years","Pulaski","94","0","6"
"60-69 years","Pulaski","90","5","11"
"70-79 years","Pulaski","46","11","16"
"80 & Older years","Pulaski","37","10","5"
"<1 years","Pulaski","3","0","0"
"01-04 years","Putnam","20","0","0"
"05-09 years","Putnam","40","0","0"
"10-17 years","Putnam","99","0","2"
"18-29 years","Putnam","253","0","2"
"30-39 years","Putnam","199","0","5"
"40-49 years","Putnam","196","1","5"
"50-59 years","Putnam","257","2","16"
"60-69 years","Putnam","230","11","24"
"70-79 years","Putnam","174","14","41"
"80 & Older years","Putnam","77","14","27"
"<1 years","Putnam","6","0","1"
"01-04 years","Quitman","1","0","0"
"05-09 years","Quitman","4","0","0"
"10-17 years","Quitman","4","0","0"
"18-29 years","Quitman","11","0","0"
"30-39 years","Quitman","4","0","1"
"40-49 years","Quitman","3","0","1"
"50-59 years","Quitman","14","0","1"
"60-69 years","Quitman","22","1","4"
"70-79 years","Quitman","3","0","1"
"80 & Older years","Quitman","4","0","1"
"<1 years","Quitman","2","0","0"
"Unknown years","Quitman","1","0","0"
"01-04 years","Rabun","13","0","0"
"05-09 years","Rabun","17","0","0"
"10-17 years","Rabun","86","0","0"
"18-29 years","Rabun","191","0","5"
"30-39 years","Rabun","166","1","10"
"40-49 years","Rabun","170","0","7"
"50-59 years","Rabun","204","3","24"
"60-69 years","Rabun","205","7","30"
"70-79 years","Rabun","157","11","34"
"80 & Older years","Rabun","74","11","28"
"<1 years","Rabun","5","0","1"
"Unknown years","Rabun","80","0","2"
"01-04 years","Randolph","2","0","0"
"05-09 years","Randolph","5","0","0"
"10-17 years","Randolph","9","0","0"
"18-29 years","Randolph","54","0","1"
"30-39 years","Randolph","62","2","4"
"40-49 years","Randolph","50","0","4"
"50-59 years","Randolph","85","3","19"
"60-69 years","Randolph","65","7","15"
"70-79 years","Randolph","46","3","13"
"80 & Older years","Randolph","47","15","16"
"<1 years","Randolph","1","0","0"
"Unknown years","Randolph","2","0","0"
"01-04 years","Richmond","241","0","1"
"05-09 years","Richmond","450","0","3"
"10-17 years","Richmond","1283","0","10"
"18-29 years","Richmond","4031","5","50"
"30-39 years","Richmond","2971","4","71"
"40-49 years","Richmond","2407","18","94"
"50-59 years","Richmond","2435","27","183"
"60-69 years","Richmond","1777","55","221"
"70-79 years","Richmond","974","71","247"
"80 & Older years","Richmond","601","121","241"
"<1 years","Richmond","75","0","2"
"Unknown years","Richmond","31","0","1"
"01-04 years","Rockdale","45","0","0"
"05-09 years","Rockdale","92","0","0"
"10-17 years","Rockdale","281","0","12"
"18-29 years","Rockdale","991","2","56"
"30-39 years","Rockdale","771","3","71"
"40-49 years","Rockdale","897","6","92"
"50-59 years","Rockdale","864","7","131"
"60-69 years","Rockdale","557","20","116"
"70-79 years","Rockdale","340","34","113"
"80 & Older years","Rockdale","177","31","63"
"<1 years","Rockdale","6","0","1"
"Unknown years","Rockdale","7","0","0"
"01-04 years","Schley","5","0","0"
"05-09 years","Schley","4","0","0"
"10-17 years","Schley","14","0","0"
"18-29 years","Schley","45","0","2"
"30-39 years","Schley","18","0","0"
"40-49 years","Schley","27","0","2"
"50-59 years","Schley","30","0","3"
"60-69 years","Schley","25","1","8"
"70-79 years","Schley","11","0","2"
"80 & Older years","Schley","5","1","1"
"<1 years","Schley","1","0","0"
"01-04 years","Screven","8","0","0"
"05-09 years","Screven","15","0","0"
"10-17 years","Screven","54","0","0"
"18-29 years","Screven","121","0","3"
"30-39 years","Screven","111","0","2"
"40-49 years","Screven","88","1","4"
"50-59 years","Screven","97","1","12"
"60-69 years","Screven","123","1","14"
"70-79 years","Screven","65","5","14"
"80 & Older years","Screven","37","7","9"
"<1 years","Screven","3","0","0"
"Unknown years","Screven","2","0","0"
"01-04 years","Seminole","13","0","0"
"05-09 years","Seminole","15","0","0"
"10-17 years","Seminole","71","0","0"
"18-29 years","Seminole","100","0","0"
"30-39 years","Seminole","83","0","0"
"40-49 years","Seminole","86","0","5"
"50-59 years","Seminole","107","1","6"
"60-69 years","Seminole","118","2","21"
"70-79 years","Seminole","66","5","14"
"80 & Older years","Seminole","25","6","10"
"<1 years","Seminole","3","0","0"
"01-04 years","Spalding","53","0","2"
"05-09 years","Spalding","45","0","1"
"10-17 years","Spalding","160","0","2"
"18-29 years","Spalding","583","1","25"
"30-39 years","Spalding","509","3","28"
"40-49 years","Spalding","515","2","36"
"50-59 years","Spalding","538","10","61"
"60-69 years","Spalding","434","21","75"
"70-79 years","Spalding","311","32","66"
"80 & Older years","Spalding","201","42","59"
"<1 years","Spalding","9","0","0"
"Unknown years","Spalding","6","0","0"
"01-04 years","Stephens","16","0","0"
"05-09 years","Stephens","41","0","1"
"10-17 years","Stephens","168","0","3"
"18-29 years","Stephens","485","1","13"
"30-39 years","Stephens","314","0","8"
"40-49 years","Stephens","403","1","21"
"50-59 years","Stephens","415","4","36"
"60-69 years","Stephens","416","17","55"
"70-79 years","Stephens","279","20","58"
"80 & Older years","Stephens","148","24","36"
"<1 years","Stephens","5","0","0"
"Unknown years","Stephens","44","0","0"
"01-04 years","Stewart","3","0","0"
"05-09 years","Stewart","2","0","0"
"10-17 years","Stewart","13","0","0"
"18-29 years","Stewart","141","0","20"
"30-39 years","Stewart","182","1","25"
"40-49 years","Stewart","132","1","23"
"50-59 years","Stewart","73","1","12"
"60-69 years","Stewart","65","10","25"
"70-79 years","Stewart","24","3","5"
"80 & Older years","Stewart","21","4","6"
"<1 years","Stewart","1","0","0"
"Unknown years","Stewart","14","0","4"
"01-04 years","Sumter","19","0","0"
"05-09 years","Sumter","27","0","0"
"10-17 years","Sumter","74","0","2"
"18-29 years","Sumter","300","1","11"
"30-39 years","Sumter","250","1","20"
"40-49 years","Sumter","247","4","19"
"50-59 years","Sumter","266","2","40"
"60-69 years","Sumter","244","23","66"
"70-79 years","Sumter","159","25","43"
"80 & Older years","Sumter","101","25","45"
"<1 years","Sumter","10","0","0"
"Unknown years","Sumter","2","0","0"
"01-04 years","Talbot","7","0","0"
"05-09 years","Talbot","3","0","0"
"10-17 years","Talbot","29","0","0"
"18-29 years","Talbot","50","0","1"
"30-39 years","Talbot","29","0","1"
"40-49 years","Talbot","55","1","4"
"50-59 years","Talbot","59","3","5"
"60-69 years","Talbot","53","2","9"
"70-79 years","Talbot","35","5","6"
"80 & Older years","Talbot","19","2","8"
"Unknown years","Talbot","2","0","0"
"01-04 years","Taliaferro","1","0","0"
"05-09 years","Taliaferro","1","0","0"
"10-17 years","Taliaferro","6","0","0"
"18-29 years","Taliaferro","11","0","0"
"30-39 years","Taliaferro","14","0","0"
"40-49 years","Taliaferro","18","0","1"
"50-59 years","Taliaferro","9","0","0"
"60-69 years","Taliaferro","19","0","3"
"70-79 years","Taliaferro","10","0","2"
"80 & Older years","Taliaferro","4","0","2"
"01-04 years","Tattnall","27","0","0"
"05-09 years","Tattnall","40","0","0"
"10-17 years","Tattnall","146","0","0"
"18-29 years","Tattnall","294","0","1"
"30-39 years","Tattnall","263","1","3"
"40-49 years","Tattnall","253","0","7"
"50-59 years","Tattnall","275","5","21"
"60-69 years","Tattnall","221","12","30"
"70-79 years","Tattnall","105","11","31"
"80 & Older years","Tattnall","45","4","8"
"<1 years","Tattnall","6","0","0"
"Unknown years","Tattnall","8","0","1"
"01-04 years","Taylor","12","0","1"
"05-09 years","Taylor","12","0","0"
"10-17 years","Taylor","47","0","1"
"18-29 years","Taylor","72","0","1"
"30-39 years","Taylor","47","0","3"
"40-49 years","Taylor","80","1","7"
"50-59 years","Taylor","66","0","15"
"60-69 years","Taylor","56","5","16"
"70-79 years","Taylor","33","4","9"
"80 & Older years","Taylor","26","9","11"
"<1 years","Taylor","4","0","0"
"01-04 years","Telfair","7","0","0"
"05-09 years","Telfair","11","0","0"
"10-17 years","Telfair","20","0","0"
"18-29 years","Telfair","135","0","3"
"30-39 years","Telfair","90","1","1"
"40-49 years","Telfair","96","1","5"
"50-59 years","Telfair","99","5","10"
"60-69 years","Telfair","102","8","17"
"70-79 years","Telfair","69","10","17"
"80 & Older years","Telfair","40","14","9"
"<1 years","Telfair","4","0","0"
"Unknown years","Telfair","1","0","0"
"01-04 years","Terrell","5","0","0"
"05-09 years","Terrell","6","0","0"
"10-17 years","Terrell","38","0","0"
"18-29 years","Terrell","62","0","1"
"30-39 years","Terrell","71","0","8"
"40-49 years","Terrell","57","0","7"
"50-59 years","Terrell","90","3","14"
"60-69 years","Terrell","89","11","32"
"70-79 years","Terrell","57","12","24"
"80 & Older years","Terrell","36","10","15"
"01-04 years","Thomas","55","0","1"
"05-09 years","Thomas","102","0","0"
"10-17 years","Thomas","278","0","2"
"18-29 years","Thomas","560","1","19"
"30-39 years","Thomas","455","1","16"
"40-49 years","Thomas","485","4","27"
"50-59 years","Thomas","514","8","39"
"60-69 years","Thomas","411","10","79"
"70-79 years","Thomas","247","31","62"
"80 & Older years","Thomas","159","38","48"
"<1 years","Thomas","13","0","1"
"Unknown years","Thomas","5","0","0"
"01-04 years","Tift","32","0","1"
"05-09 years","Tift","58","0","3"
"10-17 years","Tift","222","0","6"
"18-29 years","Tift","752","0","20"
"30-39 years","Tift","527","1","27"
"40-49 years","Tift","525","7","56"
"50-59 years","Tift","453","9","67"
"60-69 years","Tift","342","16","69"
"70-79 years","Tift","236","26","85"
"80 & Older years","Tift","131","29","58"
"<1 years","Tift","12","0","0"
"Unknown years","Tift","2","0","0"
"01-04 years","Toombs","28","0","0"
"05-09 years","Toombs","44","0","0"
"10-17 years","Toombs","194","0","1"
"18-29 years","Toombs","485","0","5"
"30-39 years","Toombs","390","0","3"
"40-49 years","Toombs","393","1","20"
"50-59 years","Toombs","385","7","21"
"60-69 years","Toombs","357","9","41"
"70-79 years","Toombs","238","29","37"
"80 & Older years","Toombs","141","32","27"
"<1 years","Toombs","5","0","0"
"Unknown years","Toombs","8","0","0"
"01-04 years","Towns","2","0","0"
"05-09 years","Towns","6","0","0"
"10-17 years","Towns","39","0","1"
"18-29 years","Towns","117","0","4"
"30-39 years","Towns","77","0","3"
"40-49 years","Towns","100","2","5"
"50-59 years","Towns","140","2","12"
"60-69 years","Towns","183","1","16"
"70-79 years","Towns","139","6","33"
"80 & Older years","Towns","92","21","38"
"Unknown years","Towns","22","0","0"
"01-04 years","Treutlen","5","0","0"
"05-09 years","Treutlen","14","0","0"
"10-17 years","Treutlen","39","0","0"
"18-29 years","Treutlen","98","0","2"
"30-39 years","Treutlen","90","0","4"
"40-49 years","Treutlen","94","0","5"
"50-59 years","Treutlen","92","1","6"
"60-69 years","Treutlen","64","4","11"
"70-79 years","Treutlen","51","9","10"
"80 & Older years","Treutlen","30","5","9"
"01-04 years","Troup","119","0","1"
"05-09 years","Troup","160","0","0"
"10-17 years","Troup","462","0","3"
"18-29 years","Troup","1085","1","27"
"30-39 years","Troup","810","6","41"
"40-49 years","Troup","723","4","45"
"50-59 years","Troup","741","13","93"
"60-69 years","Troup","568","25","83"
"70-79 years","Troup","294","37","79"
"80 & Older years","Troup","225","64","55"
"<1 years","Troup","36","0","1"
"Unknown years","Troup","6","0","0"
"01-04 years","Turner","3","0","0"
"05-09 years","Turner","6","0","0"
"10-17 years","Turner","19","0","0"
"18-29 years","Turner","81","0","2"
"30-39 years","Turner","99","0","9"
"40-49 years","Turner","102","0","5"
"50-59 years","Turner","91","2","11"
"60-69 years","Turner","81","8","26"
"70-79 years","Turner","51","5","12"
"80 & Older years","Turner","35","12","14"
"<1 years","Turner","2","0","1"
"01-04 years","Twiggs","9","0","0"
"05-09 years","Twiggs","6","0","1"
"10-17 years","Twiggs","21","0","0"
"18-29 years","Twiggs","63","0","2"
"30-39 years","Twiggs","57","1","4"
"40-49 years","Twiggs","56","1","6"
"50-59 years","Twiggs","87","3","10"
"60-69 years","Twiggs","95","5","25"
"70-79 years","Twiggs","51","6","19"
"80 & Older years","Twiggs","24","8","14"
"01-04 years","Union","7","0","0"
"05-09 years","Union","16","0","0"
"10-17 years","Union","64","0","1"
"18-29 years","Union","229","1","1"
"30-39 years","Union","191","0","2"
"40-49 years","Union","200","0","13"
"50-59 years","Union","267","4","16"
"60-69 years","Union","322","4","37"
"70-79 years","Union","283","20","46"
"80 & Older years","Union","192","30","56"
"<1 years","Union","1","0","0"
"Unknown years","Union","32","0","0"
"01-04 years","Unknown","33","0","0"
"05-09 years","Unknown","62","0","0"
"10-17 years","Unknown","217","0","0"
"18-29 years","Unknown","868","1","5"
"30-39 years","Unknown","470","1","3"
"40-49 years","Unknown","432","1","2"
"50-59 years","Unknown","356","3","9"
"60-69 years","Unknown","216","1","6"
"70-79 years","Unknown","133","1","12"
"80 & Older years","Unknown","57","1","5"
"<1 years","Unknown","25","0","0"
"Unknown years","Unknown","184","0","3"
"01-04 years","Upson","32","0","0"
"05-09 years","Upson","42","0","0"
"10-17 years","Upson","121","0","1"
"18-29 years","Upson","276","0","5"
"30-39 years","Upson","191","2","8"
"40-49 years","Upson","220","1","9"
"50-59 years","Upson","237","5","19"
"60-69 years","Upson","219","18","31"
"70-79 years","Upson","152","29","38"
"80 & Older years","Upson","101","33","32"
"<1 years","Upson","14","0","0"
"Unknown years","Upson","10","0","0"
"01-04 years","Walker","68","0","1"
"05-09 years","Walker","110","0","1"
"10-17 years","Walker","430","0","3"
"18-29 years","Walker","952","0","13"
"30-39 years","Walker","692","0","12"
"40-49 years","Walker","855","3","25"
"50-59 years","Walker","722","3","31"
"60-69 years","Walker","612","12","52"
"70-79 years","Walker","417","25","46"
"80 & Older years","Walker","205","24","25"
"<1 years","Walker","35","0","1"
"Unknown years","Walker","177","0","6"
"01-04 years","Walton","67","0","1"
"05-09 years","Walton","137","0","1"
"10-17 years","Walton","511","0","5"
"18-29 years","Walton","1187","0","24"
"30-39 years","Walton","993","0","22"
"40-49 years","Walton","1098","2","46"
"50-59 years","Walton","1101","8","72"
"60-69 years","Walton","762","23","68"
"70-79 years","Walton","568","52","85"
"80 & Older years","Walton","360","76","70"
"<1 years","Walton","23","0","2"
"Unknown years","Walton","16","0","0"
"01-04 years","Ware","57","0","1"
"05-09 years","Ware","64","0","0"
"10-17 years","Ware","221","0","3"
"18-29 years","Ware","518","1","5"
"30-39 years","Ware","424","1","17"
"40-49 years","Ware","347","2","24"
"50-59 years","Ware","378","12","53"
"60-69 years","Ware","282","12","54"
"70-79 years","Ware","237","35","84"
"80 & Older years","Ware","201","47","57"
"<1 years","Ware","18","0","1"
"Unknown years","Ware","9","0","1"
"01-04 years","Warren","6","0","0"
"05-09 years","Warren","2","0","0"
"10-17 years","Warren","24","0","0"
"18-29 years","Warren","60","0","3"
"30-39 years","Warren","49","0","4"
"40-49 years","Warren","46","2","5"
"50-59 years","Warren","64","1","7"
"60-69 years","Warren","43","2","7"
"70-79 years","Warren","32","2","10"
"80 & Older years","Warren","14","1","5"
"<1 years","Warren","2","0","1"
"Unknown years","Warren","4","0","0"
"01-04 years","Washington","15","0","0"
"05-09 years","Washington","22","0","0"
"10-17 years","Washington","107","0","2"
"18-29 years","Washington","237","0","6"
"30-39 years","Washington","223","0","8"
"40-49 years","Washington","240","2","11"
"50-59 years","Washington","231","2","14"
"60-69 years","Washington","218","10","26"
"70-79 years","Washington","123","8","21"
"80 & Older years","Washington","75","17","11"
"<1 years","Washington","10","0","0"
"Unknown years","Washington","6","0","0"
"01-04 years","Wayne","29","0","1"
"05-09 years","Wayne","23","0","0"
"10-17 years","Wayne","127","0","1"
"18-29 years","Wayne","372","1","8"
"30-39 years","Wayne","369","1","9"
"40-49 years","Wayne","431","1","30"
"50-59 years","Wayne","368","5","31"
"60-69 years","Wayne","289","14","57"
"70-79 years","Wayne","243","22","68"
"80 & Older years","Wayne","115","18","24"
"<1 years","Wayne","3","0","0"
"Unknown years","Wayne","4","0","0"
"10-17 years","Webster","3","0","0"
"18-29 years","Webster","16","0","1"
"30-39 years","Webster","7","0","0"
"40-49 years","Webster","14","0","2"
"50-59 years","Webster","17","2","4"
"60-69 years","Webster","21","1","4"
"70-79 years","Webster","7","0","1"
"80 & Older years","Webster","3","0","0"
"Unknown years","Webster","2","0","0"
"01-04 years","Wheeler","1","0","0"
"05-09 years","Wheeler","5","0","0"
"10-17 years","Wheeler","23","0","0"
"18-29 years","Wheeler","49","0","0"
"30-39 years","Wheeler","73","2","2"
"40-49 years","Wheeler","77","1","3"
"50-59 years","Wheeler","88","6","9"
"60-69 years","Wheeler","53","3","6"
"70-79 years","Wheeler","39","5","11"
"80 & Older years","Wheeler","9","3","1"
"<1 years","Wheeler","1","0","0"
"Unknown years","Wheeler","26","0","1"
"01-04 years","White","12","0","0"
"05-09 years","White","48","0","0"
"10-17 years","White","203","0","2"
"18-29 years","White","402","1","7"
"30-39 years","White","294","1","7"
"40-49 years","White","372","1","15"
"50-59 years","White","438","4","34"
"60-69 years","White","413","9","60"
"70-79 years","White","304","12","73"
"80 & Older years","White","174","27","64"
"<1 years","White","5","0","0"
"Unknown years","White","58","0","2"
"01-04 years","Whitfield","186","0","2"
"05-09 years","Whitfield","349","0","3"
"10-17 years","Whitfield","1244","0","6"
"18-29 years","Whitfield","3238","0","41"
"30-39 years","Whitfield","2092","4","55"
"40-49 years","Whitfield","2195","4","71"
"50-59 years","Whitfield","1991","21","110"
"60-69 years","Whitfield","1172","29","131"
"70-79 years","Whitfield","680","41","126"
"80 & Older years","Whitfield","386","70","108"
"<1 years","Whitfield","67","0","5"
"Unknown years","Whitfield","28","0","2"
"01-04 years","Wilcox","10","0","0"
"05-09 years","Wilcox","9","0","0"
"10-17 years","Wilcox","23","0","0"
"18-29 years","Wilcox","39","0","0"
"30-39 years","Wilcox","42","0","1"
"40-49 years","Wilcox","71","0","12"
"50-59 years","Wilcox","78","1","14"
"60-69 years","Wilcox","82","9","23"
"70-79 years","Wilcox","52","9","10"
"80 & Older years","Wilcox","22","7","6"
"<1 years","Wilcox","5","0","0"
"Unknown years","Wilcox","1","0","0"
"01-04 years","Wilkes","8","0","0"
"05-09 years","Wilkes","16","0","0"
"10-17 years","Wilkes","49","0","0"
"18-29 years","Wilkes","107","0","1"
"30-39 years","Wilkes","80","0","4"
"40-49 years","Wilkes","100","0","11"
"50-59 years","Wilkes","92","2","3"
"60-69 years","Wilkes","68","1","12"
"70-79 years","Wilkes","62","5","18"
"80 & Older years","Wilkes","25","7","12"
"<1 years","Wilkes","3","0","0"
"Unknown years","Wilkes","1","0","0"
"01-04 years","Wilkinson","6","0","0"
"05-09 years","Wilkinson","10","0","0"
"10-17 years","Wilkinson","27","0","1"
"18-29 years","Wilkinson","102","0","3"
"30-39 years","Wilkinson","82","0","5"
"40-49 years","Wilkinson","88","0","6"
"50-59 years","Wilkinson","138","4","23"
"60-69 years","Wilkinson","123","7","34"
"70-79 years","Wilkinson","53","6","21"
"80 & Older years","Wilkinson","34","4","15"
"Unknown years","Wilkinson","2","0","0"
"01-04 years","Worth","13","0","0"
"05-09 years","Worth","12","0","0"
"10-17 years","Worth","73","0","3"
"18-29 years","Worth","170","0","7"
"30-39 years","Worth","136","0","10"
"40-49 years","Worth","147","1","13"
"50-59 years","Worth","180","4","24"
"60-69 years","Worth","188","18","49"
"70-79 years","Worth","114","13","27"
"80 & Older years","Worth","68","13","22"
"<1 years","Worth","4","0","0"
"Unknown years","Worth","1","0","0"
